{
	"$schema": "https://schemas.wp.org/trunk/theme.json",
	"version": 2,
	"customTemplates": [
		{
			"name": "blank",
			"postTypes": [
				"page",
				"post"
			],
			"title": "Blank"
		},
		{
			"name": "404",
			"postTypes": [
				"page"
			],
			"title": "404"
		},
		{
			"name": "about",
			"postTypes": [
				"page"
			],
			"title": "About"
		},
		{
			"name": "contact",
			"postTypes": [
				"page"
			],
			"title": "Contact"
		}
	],
	"settings": {
		"appearanceTools": true,
		"color": {
			"palette": [
				{
					"color": "#ffffff",
					"name": "Base",
					"slug": "base"
				},
				{
					"color": "#000000",
					"name": "Contrast",
					"slug": "contrast"
				},
				{
					"color": "#315EFF",
					"name": "Primary",
					"slug": "primary"
				},
				{
					"color": "#666666",
					"name": "Secondary",
					"slug": "secondary"
				},
				{
					"color": "#DEDEDE",
					"name": "Tertiary",
					"slug": "tertiary"
				}
			]
		},
		"layout": {
			"contentSize": "650px",
			"wideSize": "1200px"
		},
		"spacing": {
			"spacingScale": {
				"steps": 0
			},
			"spacingSizes": [
				{
					"size": "clamp(1.5rem, 5vw, 2rem)",
					"slug": "30",
					"name": "1"
				},
				{
					"size": "clamp(2.5rem, 8vw, 2.5rem)",
					"slug": "50",
					"name": "3"
				},
				{
					"size": "clamp(2rem, 10vw, 2rem)",
					"slug": "60",
					"name": "4"
				},
				{
					"size": "clamp(7rem, 14vw, 11rem)",
					"slug": "80",
					"name": "6"
				}
			],
			"units": [
				"%",
				"px",
				"em",
				"rem",
				"vh",
				"vw"
			]
		},
		"typography": {
			"dropCap": false,
			"fluid": true,
			"fontFamilies": [
				{
					"fontFace": [
						{
							"fontFamily": "Source Sans Pro",
							"fontStretch": "normal",
							"fontStyle": "normal",
							"fontWeight": "400",
							"src": [
								"file:./assets/fonts/source_sans_pro/SourceSansPro-Regular.ttf"
							]
						},
						{
							"fontFamily": "Source Sans Pro",
							"fontStretch": "normal",
							"fontStyle": "italic",
							"fontWeight": "400",
							"src": [
								"file:./assets/fonts/source_sans_pro/SourceSansPro-Italic.ttf"
							]
						},
						{
							"fontFamily": "Source Sans Pro",
							"fontStretch": "normal",
							"fontStyle": "normal",
							"fontWeight": "600",
							"src": [
								"file:./assets/fonts/source_sans_pro/SourceSansPro-SemiBold.ttf"
							]
						},
						{
							"fontFamily": "Source Sans Pro",
							"fontStretch": "normal",
							"fontStyle": "normal",
							"fontWeight": "700",
							"src": [
								"file:./assets/fonts/source_sans_pro/SourceSansPro-Bold.ttf"
							]
						}
					],
					"fontFamily": "\"Source Sans Pro\", sans-serif",
					"name": "Source Sans Pro",
					"slug": "source-sans-pro"
				},
				{
					"fontFace": [
						{
							"fontFamily": "DM Serif Display",
							"fontStretch": "normal",
							"fontStyle": "normal",
							"fontWeight": "400",
							"src": [
								"file:./assets/fonts/dm_serif_display/DMSerifDisplay-Regular.ttf"
							]
						},
						{
							"fontFamily": "DM Serif Display",
							"fontStretch": "normal",
							"fontStyle": "italic",
							"fontWeight": "400",
							"src": [
								"file:./assets/fonts/dm_serif_display/DMSerifDisplay-Italic.ttf"
							]
						}
					],
					"fontFamily": "\"DM Serif Display\", serif",
					"name": "DM Serif Display",
					"slug": "dm-serif-display"
				}
			],
			"fontSizes": [
				{
					"fluid": {
						"min": "0.875rem",
						"max": "1rem"
					},
					"size": "1rem",
					"slug": "small"
				},
				{
					"fluid": {
						"min": "1rem",
						"max": "1.125rem"
					},
					"size": "1.125rem",
					"slug": "medium"
				},
				{
					"fluid": {
						"min": "1.75rem",
						"max": "1.875rem"
					},
					"size": "1.75rem",
					"slug": "large"
				},
				{
					"fluid": {
						"min": "1.75rem",
						"max": "2.25rem"
					},
					"size": "2.25rem",
					"slug": "x-large"
				},
				{
					"fluid": {
						"min": "4rem",
						"max": "10rem"
					},
					"size": "10rem",
					"slug": "xx-large"
				}
			]
		},
		"useRootPaddingAwareAlignments": true
	},
	"styles": {
		"blocks": {
			"core/navigation": {
				"elements": {
					"link": {
						"typography": {
							"textDecoration": "none"
						},
						":hover": {
							"color": {
								"text": "var(--wp--preset--color--contrast)"
							}
						}
					}
				},
				"typography": {
					"fontSize": "var(--wp--preset--font-size--medium)"
				}
			},
			"core/post-author": {
				"typography": {
					"fontSize": "var(--wp--preset--font-size--small)"
				}
			},
			"core/post-content": {
				"elements": {
					"link": {
						"typography": {
							"textDecoration": "underline"
						},
						":hover": {
							"color": {
								"text": "var(--wp--preset--color--secondary)"
							},
							"typography": {
								"textDecoration": "underline"
							}

						}
					}
				}
			},
			"core/post-excerpt": {
				"typography": {
					"fontSize": "var(--wp--preset--font-size--medium)"
				}
			},
			"core/post-date": {
				"typography": {
					"fontSize": "var(--wp--preset--font-size--small)",
					"fontWeight": "400"
				},
				"elements": {
					"link": {
						"typography": {
							"textDecoration": "none"
						},
						":hover": {
							"typography": {
								"textDecoration": "underline"
							}
						}
					}
				}
			},
			"core/post-terms": {
				"typography": {
					"fontSize": "var(--wp--preset--font-size--small)"
				}
			},
			"core/post-title": {
				"spacing": {
					"margin": {
						"bottom": "1.25rem",
						"top": "1.25rem"
					}
				},
				"typography": {
					"fontWeight": "400"
				},
				"elements": {
					"link": {
						":active": {
							"color": {
								"text": "var(--wp--preset--color--contrast)"
							},
							"typography": {
								"textDecoration": "none"
							}
						},
						":hover": {
							"color": {
								"text": "var(--wp--preset--color--contrast)"
							},
							"typography": {
								"textDecoration": "none"
							}
						},
						":focus": {
							"color": {
								"text": "var(--wp--preset--color--contrast)"
							},
							"typography": {
								"textDecoration": "none"
							}
						},
						"typography": {
							"textDecoration": "none"
						}
					}
				}
			},
			"core/comments-title":{
				"typography": {
					"fontSize": "var(--wp--preset--font-size--large)"
				},
				"spacing": {
					"margin": {
						"bottom": "var(--wp--preset--spacing--40)"
					}
				}
			},

			"core/comment-content": {
				"spacing": {
					"margin": {
						"top": "0"
					}
				}
			},

			"core/comment-author-name": {
				"elements": {
					"link": {
						":hover": {
							"typography": {
								"textDecoration": "none"
							}
						},
						":focus": {
							"typography": {
								"textDecoration": "none"
							}
						},
						":active": {
							"typography": {
								"textDecoration": "none"
							}
						},
						"typography": {
							"textDecoration": "none"
						}
					}
				}
			},
			"core/comment-date": {
				"typography": {
					"fontSize": "var(--wp--preset--font-size--small)"
				},
				"elements": {
					"link": {
						":hover": {
							"typography": {
								"textDecoration": "none"
							}
						},
						":focus": {
							"typography": {
								"textDecoration": "none"
							}
						},
						":active": {
							"typography": {
								"textDecoration": "none"
							}
						},
						"typography": {
							"textDecoration": "none"
						}
					}
				}
			},
			"core/comment-edit-link": {
				"typography": {
					"fontSize": "var(--wp--preset--font-size--small)"
				}
			},
			"core/comment-reply-link": {
				"typography": {
					"fontSize": "var(--wp--preset--font-size--small)"
				}
			},
			"core/comments-pagination": {
				"spacing": {
					"margin": {
						"top": "var(--wp--preset--spacing--40)"
					}
				},
				"elements": {
					"link": {
						"typography": {
							"textDecoration": "none"
						}
					}
				}
			},
			"core/pullquote": {
				"border": {
					"style": "solid",
					"width": "1px 0"
				},
				"elements": {
					"cite": {
						"typography": {
							"fontSize": "var(--wp--preset--font-size--small)",
							"fontStyle": "normal",
							"textTransform": "none"
						}
					}
				},
				"typography": {
					"lineHeight": "1.3"
				},
				"spacing": {
					"margin": {
						"bottom": "var(--wp--preset--spacing--40) !important",
						"top": "var(--wp--preset--spacing--40) !important"
					}
				}
			},
			"core/query": {
				"elements": {
					"h2": {
						"typography": {
							"fontSize": "var(--wp--preset--font-size--x-large)"
						}
					}
				}
			},
			"core/query-pagination": {
				"typography": {
					"fontSize": "var(--wp--preset--font-size--medium)",
					"fontWeight": "400"
				},
				"elements": {
					"link": {
						"typography": {
							"textDecoration": "none"
						},
						":hover": {
							"typography": {
								"textDecoration": "none"
							}
						}
					}
				}
			},
			"core/quote": {
				"border": {
					"width": "1px"
				},
				"elements": {
					"cite": {
						"typography": {
							"fontSize": "var(--wp--preset--font-size--small)",
							"fontStyle": "normal"
						}
					}
				},
				"spacing": {
					"padding": {
						"left": "var(--wp--preset--spacing--30)",
						"right": "var(--wp--preset--spacing--30)"
					}
				}
			},
			"core/site-title": {
				"elements": {
					"link": {
						":hover": {
							"typography": {
								"textDecoration": "none"
							}
						},
						":focus": {
							"typography": {
								"textDecoration": "none"
							}
						},
						":active": {
							"typography": {
								"textDecoration": "none"
							}
						},
						"typography": {
							"textDecoration": "none"
						}
					}
				},
				"typography": {
					"fontSize": "var(--wp--preset--font-size--medium)",
					"fontWeight": "normal",
					"lineHeight": "1.4"
				}
			}
		},
		"color": {
			"background": "var(--wp--preset--color--base)",
			"text": "var(--wp--preset--color--contrast)"
		},	
		"elements": {
			"button": {
				"border": {
					"radius": "0"
				},
				"color": {
					"background": "var(--wp--preset--color--contrast)",
					"text": "var(--wp--preset--color--base)"
				},
				":hover": {
					"color": {
						"background": "var(--wp--preset--color--contrast)",
						"text": "var(--wp--preset--color--base)"
					}
				},
				":focus": {
					"color": {
						"background": "var(--wp--preset--color--contrast)",
						"text": "var(--wp--preset--color--base)"
					}
				},
				":active": {
					"color": {
						"background": "var(--wp--preset--color--secondary)",
						"text": "var(--wp--preset--color--base)"
					}
				},
				":visited": {
					"color": {
						"text": "var(--wp--preset--color--contrast)"
					}
				}
			},
			"h1": {
				"typography": {
					"fontSize": "3rem",
					"lineHeight": "1.2",
					"fontFamily": "var(--wp--preset--font-family--dm-serif-display)",
					"fontWeight": "400"
				}
			},
			"h2": {
				"typography": {
					"fontSize": "var(--wp--preset--font-size--x-large)",
					"fontFamily": "var(--wp--preset--font-family--dm-serif-display)",
					"fontWeight": "400"
				}
			},
			"h3": {
				"typography": {
					"fontSize": "var(--wp--preset--font-size--x-large)",
					"fontWeight": "400",
					"fontFamily": "var(--wp--preset--font-family--dm-serif-display)"
				}
			},
			"h4": {
				"typography": {
					"fontSize": "var(--wp--preset--font-size--large)",
					"fontWeight": "400",
					"fontFamily": "var(--wp--preset--font-family--dm-serif-display)"
				}
			},
			"h5": {
				"typography": {
					"fontSize": "var(--wp--preset--font-size--medium)",
					"fontFamily": "var(--wp--preset--font-family--dm-serif-display)",
					"fontWeight": "400",
					"textTransform": "uppercase"
				}
			},
			"h6": {
				"typography": {
					"fontSize": "var(--wp--preset--font-size--medium)",
					"fontWeight": "400",
					"fontFamily": "var(--wp--preset--font-family--dm-serif-display)"
				}
			},
			"heading": {
				"typography": {
					"fontWeight": "400",
					"lineHeight": "1.4"
				}
			},
			"link": {
				"color": {
					"text": "var(--wp--preset--color--contrast)"
				},
				":hover": {
					"typography": {
						"textDecoration": "none"
					}
				},
				":focus": {
					"typography": {
						"textDecoration": "none"
					}
				},
				":active": {
					"typography": {
						"textDecoration": "none"
					}
				},
				"typography": {
					"textDecoration": "none"
				}
			}
		},
		"spacing": {
			"blockGap": "1.5rem",
			"padding": {
				"top": "var(--wp--preset--spacing--40)",
				"right": "var(--wp--preset--spacing--30)",
				"bottom": "var(--wp--preset--spacing--40)",
				"left": "var(--wp--preset--spacing--30)"
			}
		},
		"typography": {
			"fontFamily": "var(--wp--preset--font-family--source-sans-pro)",
			"fontSize": "var(--wp--preset--font-size--medium)",
			"lineHeight": "1.6"
		}
	},
	"templateParts": [
		{
			"area": "header",
			"name": "header",
			"title": "Header"
		},
		{
			"area": "footer",
			"name": "footer",
			"title": "Footer"
		},
		{
			"area": "uncategorized",
			"name": "comments",
			"title": "Comments"
		}
	]
}
